as_of_utc,window,from_date,to_date,group_type,group,finished_matches,favourite_won,favourite_win_rate_pct
2026-10-02T16:37:01Z,7d,2026-09-25,2026-10-02,all,all,1032,603,58.4
2026-10-02T16:37:01Z,7d,2026-09-25,2026-10-02,favourite_probability_band_pct,<50,226,106,46.9
2026-10-02T16:37:01Z,7d,2026-09-25,2026-10-02,favourite_probability_band_pct,50-60,231,132,57.1
2026-10-02T16:37:01Z,7d,2026-09-25,2026-10-02,favourite_probability_band_pct,60-75,306,177,57.8
2026-10-02T16:37:01Z,7d,2026-09-25,2026-10-02,favourite_probability_band_pct,75+,269,188,69.9
2026-10-02T16:37:01Z,7d,2026-09-25,2026-10-02,sport,soccer,478,272,56.9
2026-10-02T16:37:01Z,7d,2026-09-25,2026-10-02,sport,esports,251,129,51.4
2026-10-02T16:37:01Z,7d,2026-09-25,2026-10-02,sport,basketball,207,139,67.1
2026-10-02T16:37:01Z,7d,2026-09-25,2026-10-02,sport,baseball,78,53,67.9
2026-10-02T16:37:01Z,7d,2026-09-25,2026-10-02,sport,football,18,10,55.6
2026-10-02T16:37:01Z,30d,2026-09-02,2026-10-02,all,all,5370,2940,54.7
2026-10-02T16:37:01Z,30d,2026-09-02,2026-10-02,favourite_probability_band_pct,<50,1940,839,43.2
2026-10-02T16:37:01Z,30d,2026-09-02,2026-10-02,favourite_probability_band_pct,50-60,1337,722,54.0
2026-10-02T16:37:01Z,30d,2026-09-02,2026-10-02,favourite_probability_band_pct,60-75,1237,763,61.7
2026-10-02T16:37:01Z,30d,2026-09-02,2026-10-02,favourite_probability_band_pct,75+,856,616,72.0
2026-10-02T16:37:01Z,30d,2026-09-02,2026-10-02,sport,soccer,3910,2098,53.7
2026-10-02T16:37:01Z,30d,2026-09-02,2026-10-02,sport,esports,699,325,46.5
2026-10-02T16:37:01Z,30d,2026-09-02,2026-10-02,sport,basketball,397,271,68.3
2026-10-02T16:37:01Z,30d,2026-09-02,2026-10-02,sport,baseball,283,188,66.4
2026-10-02T16:37:01Z,30d,2026-09-02,2026-10-02,sport,football,81,58,71.6
