as_of_utc,metric,value
2026-10-05T02:41:03Z,public_prediction_market_accounts_analysed,790618
2026-10-05T02:41:03Z,accounts_polymarket,604706
2026-10-05T02:41:03Z,accounts_kalshi,182601
2026-10-05T02:41:03Z,accounts_sx,3311
2026-10-05T02:41:03Z,profitable_pros_listed,11852
2026-10-05T02:41:03Z,profitable_pros_share_pct,1.5
2026-10-05T02:41:03Z,pro_predictions_tracked_total,3867829
2026-10-05T02:41:03Z,pro_predictions_last_30d,904901
2026-10-05T02:41:03Z,pro_predictions_settled_last_30d,861173
2026-10-05T02:41:03Z,matches_covered,85537
2026-10-05T02:41:03Z,competitions_listed,200
2026-10-05T02:41:03Z,first_prediction_date,2024-06-07
