as_of_utc,window_days,competition,sport,ranked_pros,rank,pro_display_name,platform,settled_predictions,correct,hit_rate_pct,profile_url
2026-10-02T16:41:43Z,30,MLB,baseball,653,1,anonymous wallet,SX,25,25,100,https://sg.tips/e/608467
2026-10-02T16:41:43Z,30,MLB,baseball,653,2,monetary.llama5800,Kalshi,22,22,100,https://sg.tips/e/610884
2026-10-02T16:41:43Z,30,MLB,baseball,653,3,Melodic-Availability,Polymarket,30,28,93.3,https://sg.tips/e/612400
2026-10-02T16:41:43Z,30,MLB,baseball,653,4,iv.yaheily,Kalshi,26,24,92.3,https://sg.tips/e/1480
2026-10-02T16:41:43Z,30,MLB,baseball,653,5,PutItAllOnBlack,Kalshi,21,19,90.5,https://sg.tips/e/601926
2026-10-02T16:41:43Z,30,MLB,baseball,653,6,mmelgar08,Kalshi,22,19,86.4,https://sg.tips/e/610878
2026-10-02T16:41:43Z,30,MLB,baseball,653,7,gross.mongoose9220,Kalshi,21,18,85.7,https://sg.tips/e/608927
2026-10-02T16:41:43Z,30,MLB,baseball,653,8,mtrahan1,Kalshi,34,29,85.3,https://sg.tips/e/1754
2026-10-02T16:41:43Z,30,MLB,baseball,653,9,CharlyG35,Kalshi,20,17,85,https://sg.tips/e/609316
2026-10-02T16:41:43Z,30,MLB,baseball,653,10,prepared.minnow8634,Kalshi,20,17,85,https://sg.tips/e/611065
2026-10-02T16:41:43Z,30,NFL,football,426,1,hard.shade,Kalshi,91,86,94.5,https://sg.tips/e/610516
2026-10-02T16:41:43Z,30,NFL,football,426,2,wangzhizhidodger,Polymarket,20,18,90,https://sg.tips/e/613143
2026-10-02T16:41:43Z,30,NFL,football,426,3,Jrey10,Kalshi,26,23,88.5,https://sg.tips/e/608647
2026-10-02T16:41:43Z,30,NFL,football,426,4,lightningmagnum,Kalshi,25,21,84,https://sg.tips/e/602327
2026-10-02T16:41:43Z,30,NFL,football,426,5,memo21,Polymarket,62,52,83.9,https://sg.tips/e/612974
2026-10-02T16:41:43Z,30,NFL,football,426,6,pork.tur,Kalshi,31,26,83.9,https://sg.tips/e/611052
2026-10-02T16:41:43Z,30,NFL,football,426,7,a.d.c.s.w,Kalshi,30,25,83.3,https://sg.tips/e/858
2026-10-02T16:41:43Z,30,NFL,football,426,8,breezybreaks,Kalshi,27,22,81.5,https://sg.tips/e/609994
2026-10-02T16:41:43Z,30,NFL,football,426,9,simonizkool,Kalshi,25,20,80,https://sg.tips/e/602494
2026-10-02T16:41:43Z,30,NFL,football,426,10,anonymous wallet,Polymarket,20,16,80,https://sg.tips/e/613340
2026-10-02T16:41:43Z,30,UEFA Nations League,soccer,294,1,anonymous wallet,Polymarket,24,23,95.8,https://sg.tips/e/605738
2026-10-02T16:41:43Z,30,UEFA Nations League,soccer,294,2,q7vna,Polymarket,23,22,95.7,https://sg.tips/e/613436
2026-10-02T16:41:43Z,30,UEFA Nations League,soccer,294,3,unclefei028,Polymarket,21,19,90.5,https://sg.tips/e/606778
2026-10-02T16:41:43Z,30,UEFA Nations League,soccer,294,4,anonymous wallet,SX,29,26,89.7,https://sg.tips/e/608275
2026-10-02T16:41:43Z,30,UEFA Nations League,soccer,294,5,anonymous wallet,Polymarket,68,59,86.8,https://sg.tips/e/605018
2026-10-02T16:41:43Z,30,UEFA Nations League,soccer,294,6,Fuentes31,Polymarket,22,19,86.4,https://sg.tips/e/2513
2026-10-02T16:41:43Z,30,UEFA Nations League,soccer,294,7,SPNKBBL,Polymarket,35,30,85.7,https://sg.tips/e/606657
2026-10-02T16:41:43Z,30,UEFA Nations League,soccer,294,8,SergioV14,Polymarket,41,35,85.4,https://sg.tips/e/605519
2026-10-02T16:41:43Z,30,UEFA Nations League,soccer,294,9,jonynisen,Polymarket,108,92,85.2,https://sg.tips/e/606134
2026-10-02T16:41:43Z,30,UEFA Nations League,soccer,294,10,Triple777,Polymarket,62,52,83.9,https://sg.tips/e/611779
2026-10-02T16:41:43Z,30,La Liga,soccer,196,1,jrf96,Polymarket,20,20,100,https://sg.tips/e/197
2026-10-02T16:41:43Z,30,La Liga,soccer,196,2,anonymous wallet,SX,20,20,100,https://sg.tips/e/608312
2026-10-02T16:41:43Z,30,La Liga,soccer,196,3,anonymous wallet,SX,59,55,93.2,https://sg.tips/e/608306
2026-10-02T16:41:43Z,30,La Liga,soccer,196,4,ricardolucas,Polymarket,34,30,88.2,https://sg.tips/e/613261
2026-10-02T16:41:43Z,30,La Liga,soccer,196,5,anonymous wallet,SX,66,58,87.9,https://sg.tips/e/608476
2026-10-02T16:41:43Z,30,La Liga,soccer,196,6,harruchi,Polymarket,22,19,86.4,https://sg.tips/e/604686
2026-10-02T16:41:43Z,30,La Liga,soccer,196,7,Corny-Quartet,Polymarket,20,17,85,https://sg.tips/e/606071
2026-10-02T16:41:43Z,30,La Liga,soccer,196,8,serdarcumaoglu,Polymarket,25,21,84,https://sg.tips/e/612425
2026-10-02T16:41:43Z,30,La Liga,soccer,196,9,anonymous wallet,SX,23,19,82.6,https://sg.tips/e/608486
2026-10-02T16:41:43Z,30,La Liga,soccer,196,10,pauleta23,Polymarket,66,53,80.3,https://sg.tips/e/605990
2026-10-02T16:41:43Z,30,Major League Soccer,soccer,146,1,therealdeal2,Polymarket,20,20,100,https://sg.tips/e/605581
2026-10-02T16:41:43Z,30,Major League Soccer,soccer,146,2,piepi,Polymarket,29,24,82.8,https://sg.tips/e/606039
2026-10-02T16:41:43Z,30,Major League Soccer,soccer,146,3,anonymous wallet,SX,26,21,80.8,https://sg.tips/e/608261
2026-10-02T16:41:43Z,30,Major League Soccer,soccer,146,4,(name withheld),Polymarket,29,23,79.3,https://sg.tips/e/612834
2026-10-02T16:41:43Z,30,Major League Soccer,soccer,146,5,anonymous wallet,SX,42,33,78.6,https://sg.tips/e/604632
2026-10-02T16:41:43Z,30,Major League Soccer,soccer,146,6,Mephy,Polymarket,36,28,77.8,https://sg.tips/e/608229
2026-10-02T16:41:43Z,30,Major League Soccer,soccer,146,7,Weekly-Diffuse,Polymarket,68,52,76.5,https://sg.tips/e/605953
2026-10-02T16:41:43Z,30,Major League Soccer,soccer,146,8,Remorseful-Alpenhorn,Polymarket,21,16,76.2,https://sg.tips/e/613197
2026-10-02T16:41:43Z,30,Major League Soccer,soccer,146,9,JumaJumajej,Polymarket,32,24,75,https://sg.tips/e/604946
2026-10-02T16:41:43Z,30,Major League Soccer,soccer,146,10,Zelthic,Kalshi,20,15,75,https://sg.tips/e/608738
2026-10-02T16:41:43Z,30,Premier League,soccer,133,1,elwaki,Polymarket,32,32,100,https://sg.tips/e/172
2026-10-02T16:41:43Z,30,Premier League,soccer,133,2,sweise,Polymarket,21,21,100,https://sg.tips/e/606290
2026-10-02T16:41:43Z,30,Premier League,soccer,133,3,piepi,Polymarket,22,21,95.5,https://sg.tips/e/606039
2026-10-02T16:41:43Z,30,Premier League,soccer,133,4,famedray,Polymarket,37,32,86.5,https://sg.tips/e/608202
2026-10-02T16:41:43Z,30,Premier League,soccer,133,5,Dear-Visa,Polymarket,25,21,84,https://sg.tips/e/601323
2026-10-02T16:41:43Z,30,Premier League,soccer,133,6,C63AMG,Polymarket,93,77,82.8,https://sg.tips/e/604032
2026-10-02T16:41:43Z,30,Premier League,soccer,133,7,cosmicsteaks,Polymarket,33,27,81.8,https://sg.tips/e/605471
2026-10-02T16:41:43Z,30,Premier League,soccer,133,8,Maoyidong,Polymarket,27,22,81.5,https://sg.tips/e/611823
2026-10-02T16:41:43Z,30,Premier League,soccer,133,9,Striped-Refuse,Polymarket,21,17,81,https://sg.tips/e/606457
2026-10-02T16:41:43Z,30,Premier League,soccer,133,10,pleasegivememoney888,Polymarket,20,16,80,https://sg.tips/e/611714
2026-10-02T16:41:43Z,30,Liga MX,soccer,111,1,famedray,Polymarket,23,21,91.3,https://sg.tips/e/608202
2026-10-02T16:41:43Z,30,Liga MX,soccer,111,2,Weekly-Diffuse,Polymarket,28,24,85.7,https://sg.tips/e/605953
2026-10-02T16:41:43Z,30,Liga MX,soccer,111,3,Flaznorp,Polymarket,138,113,81.9,https://sg.tips/e/601083
2026-10-02T16:41:43Z,30,Liga MX,soccer,111,4,Rocky31,Polymarket,46,37,80.4,https://sg.tips/e/611802
2026-10-02T16:41:43Z,30,Liga MX,soccer,111,5,kitopesivan,Polymarket,36,28,77.8,https://sg.tips/e/601520
2026-10-02T16:41:43Z,30,Liga MX,soccer,111,6,child.cop,Kalshi,27,20,74.1,https://sg.tips/e/1085
2026-10-02T16:41:43Z,30,Liga MX,soccer,111,7,NordhavenCap,Polymarket,79,57,72.2,https://sg.tips/e/600434
2026-10-02T16:41:43Z,30,Liga MX,soccer,111,8,anonymous wallet,SX,84,58,69,https://sg.tips/e/608327
2026-10-02T16:41:43Z,30,Liga MX,soccer,111,9,gatoisa,Polymarket,38,25,65.8,https://sg.tips/e/613173
2026-10-02T16:41:43Z,30,Liga MX,soccer,111,10,LeLynxMalynx,Polymarket,876,575,65.6,https://sg.tips/e/128
2026-10-02T16:41:43Z,30,WNBA,basketball,80,1,shisushi,Polymarket,36,33,91.7,https://sg.tips/e/2702
2026-10-02T16:41:43Z,30,WNBA,basketball,80,2,BillBenter2026,Polymarket,24,21,87.5,https://sg.tips/e/612546
2026-10-02T16:41:43Z,30,WNBA,basketball,80,3,hard.shade,Kalshi,42,36,85.7,https://sg.tips/e/610516
2026-10-02T16:41:43Z,30,WNBA,basketball,80,4,sikandar,Kalshi,50,40,80,https://sg.tips/e/611264
2026-10-02T16:41:43Z,30,WNBA,basketball,80,5,Luminous-Addiction,Polymarket,25,20,80,https://sg.tips/e/605733
2026-10-02T16:41:43Z,30,WNBA,basketball,80,6,anonymous wallet,Polymarket,23,18,78.3,https://sg.tips/e/601408
2026-10-02T16:41:43Z,30,WNBA,basketball,80,7,tcjoness,Polymarket,41,32,78,https://sg.tips/e/608192
2026-10-02T16:41:43Z,30,WNBA,basketball,80,8,dips.,Polymarket,24,18,75,https://sg.tips/e/608356
2026-10-02T16:41:43Z,30,WNBA,basketball,80,9,anonymous wallet,SX,24,17,70.8,https://sg.tips/e/608463
2026-10-02T16:41:43Z,30,WNBA,basketball,80,10,ptf-taiwan,Polymarket,98,69,70.4,https://sg.tips/e/4092
2026-10-02T16:41:43Z,30,League of Legends,esports,79,1,vib3lite,Polymarket,378,377,99.7,https://sg.tips/e/603675
2026-10-02T16:41:43Z,30,League of Legends,esports,79,2,truthtrader,Polymarket,35,34,97.1,https://sg.tips/e/606861
2026-10-02T16:41:43Z,30,League of Legends,esports,79,3,geiyecapixie,Polymarket,66,57,86.4,https://sg.tips/e/601199
2026-10-02T16:41:43Z,30,League of Legends,esports,79,4,momo536,Polymarket,290,232,80,https://sg.tips/e/601320
2026-10-02T16:41:43Z,30,League of Legends,esports,79,5,CRYPT1C,Polymarket,24,19,79.2,https://sg.tips/e/2792
2026-10-02T16:41:43Z,30,League of Legends,esports,79,6,heatwave0521,Polymarket,322,251,78,https://sg.tips/e/601329
2026-10-02T16:41:43Z,30,League of Legends,esports,79,7,Wackist,Kalshi,27,21,77.8,https://sg.tips/e/607370
2026-10-02T16:41:43Z,30,League of Legends,esports,79,8,anonymous wallet,SX,49,38,77.6,https://sg.tips/e/608467
2026-10-02T16:41:43Z,30,League of Legends,esports,79,9,doneWond,Polymarket,43,33,76.7,https://sg.tips/e/612871
2026-10-02T16:41:43Z,30,League of Legends,esports,79,10,1esportpro,Polymarket,39,29,74.4,https://sg.tips/e/612573
2026-10-02T16:41:43Z,30,Dota 2,esports,78,1,DotG,Polymarket,442,441,99.8,https://sg.tips/e/601526
2026-10-02T16:41:43Z,30,Dota 2,esports,78,2,lag123,Polymarket,113,98,86.7,https://sg.tips/e/601533
2026-10-02T16:41:43Z,30,Dota 2,esports,78,3,zhdd34,Polymarket,44,37,84.1,https://sg.tips/e/612338
2026-10-02T16:41:43Z,30,Dota 2,esports,78,4,dajhthirteen,Polymarket,42,35,83.3,https://sg.tips/e/612088
2026-10-02T16:41:43Z,30,Dota 2,esports,78,5,sajdhtwelve,Polymarket,42,35,83.3,https://sg.tips/e/613403
2026-10-02T16:41:43Z,30,Dota 2,esports,78,6,ashdiwsixteen,Polymarket,23,19,82.6,https://sg.tips/e/612613
2026-10-02T16:41:43Z,30,Dota 2,esports,78,7,rjhyb,Polymarket,26,21,80.8,https://sg.tips/e/613389
2026-10-02T16:41:43Z,30,Dota 2,esports,78,8,rtjh6,Polymarket,41,33,80.5,https://sg.tips/e/613067
2026-10-02T16:41:43Z,30,Dota 2,esports,78,9,ghtf,Polymarket,46,37,80.4,https://sg.tips/e/612651
2026-10-02T16:41:43Z,30,Dota 2,esports,78,10,rhdg,Polymarket,24,19,79.2,https://sg.tips/e/612761
2026-10-02T16:41:43Z,30,Fifa Friendly,soccer,75,1,xiaoyanKK,Polymarket,25,25,100,https://sg.tips/e/604814
2026-10-02T16:41:43Z,30,Fifa Friendly,soccer,75,2,Comfortable-Sandwich,Polymarket,102,101,99,https://sg.tips/e/4044
2026-10-02T16:41:43Z,30,Fifa Friendly,soccer,75,3,Spotless-Investigator-Overcoat,Polymarket,109,106,97.2,https://sg.tips/e/600015
2026-10-02T16:41:43Z,30,Fifa Friendly,soccer,75,4,Hasty-Worker,Polymarket,124,120,96.8,https://sg.tips/e/2927
2026-10-02T16:41:43Z,30,Fifa Friendly,soccer,75,5,Colossal-Bookcase-Saloon,Polymarket,94,91,96.8,https://sg.tips/e/4069
2026-10-02T16:41:43Z,30,Fifa Friendly,soccer,75,6,bbbbbbbbbbbbbbbbbbbbbbbbbbbbbbb,Polymarket,31,30,96.8,https://sg.tips/e/605183
2026-10-02T16:41:43Z,30,Fifa Friendly,soccer,75,7,Pure-Eyeliner,Polymarket,105,99,94.3,https://sg.tips/e/605258
2026-10-02T16:41:43Z,30,Fifa Friendly,soccer,75,8,FaustianBargain,Polymarket,37,34,91.9,https://sg.tips/e/606049
2026-10-02T16:41:43Z,30,Fifa Friendly,soccer,75,9,Exciting-Hat-Vegetarian,Polymarket,98,90,91.8,https://sg.tips/e/4037
2026-10-02T16:41:43Z,30,Fifa Friendly,soccer,75,10,lukibazdonauki754,Polymarket,32,28,87.5,https://sg.tips/e/46
2026-10-02T16:41:43Z,30,UEFA Champions League,soccer,72,1,anonymous wallet,Polymarket,20,19,95,https://sg.tips/e/611836
2026-10-02T16:41:43Z,30,UEFA Champions League,soccer,72,2,anonymous wallet,SX,131,112,85.5,https://sg.tips/e/608327
2026-10-02T16:41:43Z,30,UEFA Champions League,soccer,72,3,laynoir,Polymarket,24,20,83.3,https://sg.tips/e/605658
2026-10-02T16:41:43Z,30,UEFA Champions League,soccer,72,4,ZaiZoiBele,Polymarket,25,20,80,https://sg.tips/e/604153
2026-10-02T16:41:43Z,30,UEFA Champions League,soccer,72,5,anonymous wallet,SX,20,16,80,https://sg.tips/e/608461
2026-10-02T16:41:43Z,30,UEFA Champions League,soccer,72,6,M123888,Polymarket,22,17,77.3,https://sg.tips/e/604859
2026-10-02T16:41:43Z,30,UEFA Champions League,soccer,72,7,famedray,Polymarket,35,27,77.1,https://sg.tips/e/608202
2026-10-02T16:41:43Z,30,UEFA Champions League,soccer,72,8,MartyMcFox,Polymarket,36,27,75,https://sg.tips/e/94
2026-10-02T16:41:43Z,30,UEFA Champions League,soccer,72,9,Sociable-Gum,Polymarket,36,27,75,https://sg.tips/e/611777
2026-10-02T16:41:43Z,30,UEFA Champions League,soccer,72,10,jonynisen,Polymarket,23,17,73.9,https://sg.tips/e/606134
2026-10-02T16:41:43Z,30,Serie A,soccer,66,1,ehmK,Polymarket,21,21,100,https://sg.tips/e/2507
2026-10-02T16:41:43Z,30,Serie A,soccer,66,2,sumsum84,Polymarket,23,22,95.7,https://sg.tips/e/127
2026-10-02T16:41:43Z,30,Serie A,soccer,66,3,anonymous wallet,SX,45,42,93.3,https://sg.tips/e/608476
2026-10-02T16:41:43Z,30,Serie A,soccer,66,4,Meyoyd,Polymarket,25,21,84,https://sg.tips/e/152
2026-10-02T16:41:43Z,30,Serie A,soccer,66,5,sbimbg,Polymarket,103,86,83.5,https://sg.tips/e/42
2026-10-02T16:41:43Z,30,Serie A,soccer,66,6,Weekly-Diffuse,Polymarket,30,25,83.3,https://sg.tips/e/605953
2026-10-02T16:41:43Z,30,Serie A,soccer,66,7,LeoTheKing,Polymarket,29,24,82.8,https://sg.tips/e/601085
2026-10-02T16:41:43Z,30,Serie A,soccer,66,8,ARocky33,Polymarket,58,47,81,https://sg.tips/e/611632
2026-10-02T16:41:43Z,30,Serie A,soccer,66,9,lexical.sturgeon0557,Kalshi,21,16,76.2,https://sg.tips/e/610744
2026-10-02T16:41:43Z,30,Serie A,soccer,66,10,Kuzmina228,Polymarket,36,27,75,https://sg.tips/e/612587
2026-10-02T16:41:43Z,30,Bundesliga,soccer,60,1,Weekly-Diffuse,Polymarket,20,18,90,https://sg.tips/e/605953
2026-10-02T16:41:43Z,30,Bundesliga,soccer,60,2,milktea3,Polymarket,21,17,81,https://sg.tips/e/612552
2026-10-02T16:41:43Z,30,Bundesliga,soccer,60,3,(name withheld),Polymarket,24,19,79.2,https://sg.tips/e/612521
2026-10-02T16:41:43Z,30,Bundesliga,soccer,60,4,gollaza,Polymarket,26,20,76.9,https://sg.tips/e/88
2026-10-02T16:41:43Z,30,Bundesliga,soccer,60,5,anonymous wallet,SX,29,22,75.9,https://sg.tips/e/608473
2026-10-02T16:41:43Z,30,Bundesliga,soccer,60,6,alexjheking,Kalshi,24,18,75,https://sg.tips/e/609824
2026-10-02T16:41:43Z,30,Bundesliga,soccer,60,7,anonymous wallet,SX,22,16,72.7,https://sg.tips/e/608519
2026-10-02T16:41:43Z,30,Bundesliga,soccer,60,8,Jason.Quijano23,Kalshi,100,72,72,https://sg.tips/e/609492
2026-10-02T16:41:43Z,30,Bundesliga,soccer,60,9,0xjames,Polymarket,25,18,72,https://sg.tips/e/600044
2026-10-02T16:41:43Z,30,Bundesliga,soccer,60,10,User7429,Polymarket,35,25,71.4,https://sg.tips/e/187
2026-10-02T16:41:43Z,30,Brasileirão Série B,soccer,59,1,Imperturbable-Reminder,Polymarket,21,21,100,https://sg.tips/e/606523
2026-10-02T16:41:43Z,30,Brasileirão Série B,soccer,59,2,anonymous wallet,SX,23,22,95.7,https://sg.tips/e/608275
2026-10-02T16:41:43Z,30,Brasileirão Série B,soccer,59,3,Mephy,Polymarket,21,20,95.2,https://sg.tips/e/608229
2026-10-02T16:41:43Z,30,Brasileirão Série B,soccer,59,4,ARocky33,Polymarket,28,23,82.1,https://sg.tips/e/611632
2026-10-02T16:41:43Z,30,Brasileirão Série B,soccer,59,5,anonymous wallet,SX,25,18,72,https://sg.tips/e/608509
2026-10-02T16:41:43Z,30,Brasileirão Série B,soccer,59,6,anonymous wallet,SX,27,18,66.7,https://sg.tips/e/4015
2026-10-02T16:41:43Z,30,Brasileirão Série B,soccer,59,7,damaged.ram2388,Kalshi,23,15,65.2,https://sg.tips/e/607536
2026-10-02T16:41:43Z,30,Brasileirão Série B,soccer,59,8,megamejia88.,Kalshi,41,26,63.4,https://sg.tips/e/1709
2026-10-02T16:41:43Z,30,Brasileirão Série B,soccer,59,9,angekk88,Kalshi,24,15,62.5,https://sg.tips/e/607405
2026-10-02T16:41:43Z,30,Brasileirão Série B,soccer,59,10,Flaznorp,Polymarket,278,171,61.5,https://sg.tips/e/601083
2026-10-02T16:41:43Z,30,Categoría Primera A,soccer,43,1,crusty.crab,Kalshi,28,19,67.9,https://sg.tips/e/607532
2026-10-02T16:41:43Z,30,Categoría Primera A,soccer,43,2,Jason.Quijano23,Kalshi,20,13,65,https://sg.tips/e/609492
2026-10-02T16:41:43Z,30,Categoría Primera A,soccer,43,3,megamejia88.,Kalshi,47,29,61.7,https://sg.tips/e/1709
2026-10-02T16:41:43Z,30,Categoría Primera A,soccer,43,4,anonymous wallet,SX,373,209,56,https://sg.tips/e/3997
2026-10-02T16:41:43Z,30,Categoría Primera A,soccer,43,5,rare.leopard3835,Kalshi,20,11,55,https://sg.tips/e/1914
2026-10-02T16:41:43Z,30,Categoría Primera A,soccer,43,6,anonymous wallet,SX,47,24,51.1,https://sg.tips/e/608509
2026-10-02T16:41:43Z,30,Categoría Primera A,soccer,43,7,delightful.mink3545,Kalshi,33,16,48.5,https://sg.tips/e/610221
2026-10-02T16:41:43Z,30,Categoría Primera A,soccer,43,8,m4p10,Kalshi,23,11,47.8,https://sg.tips/e/1657
2026-10-02T16:41:43Z,30,Categoría Primera A,soccer,43,9,WickOil916,Kalshi,36,17,47.2,https://sg.tips/e/843
2026-10-02T16:41:43Z,30,Categoría Primera A,soccer,43,10,denilson19,Kalshi,36,17,47.2,https://sg.tips/e/610224
2026-10-02T16:41:43Z,30,The Championship,soccer,40,1,GreatAgain28,Polymarket,21,21,100,https://sg.tips/e/2528
2026-10-02T16:41:43Z,30,The Championship,soccer,40,2,piepi,Polymarket,27,21,77.8,https://sg.tips/e/606039
2026-10-02T16:41:43Z,30,The Championship,soccer,40,3,(name withheld),Polymarket,50,38,76,https://sg.tips/e/612521
2026-10-02T16:41:43Z,30,The Championship,soccer,40,4,alexjheking,Kalshi,41,31,75.6,https://sg.tips/e/609824
2026-10-02T16:41:43Z,30,The Championship,soccer,40,5,Choco4life,Polymarket,31,23,74.2,https://sg.tips/e/611773
2026-10-02T16:41:43Z,30,The Championship,soccer,40,6,ARocky33,Polymarket,104,76,73.1,https://sg.tips/e/611632
2026-10-02T16:41:43Z,30,The Championship,soccer,40,7,Imperturbable-Reminder,Polymarket,33,24,72.7,https://sg.tips/e/606523
2026-10-02T16:41:43Z,30,The Championship,soccer,40,8,NordhavenCap,Polymarket,29,21,72.4,https://sg.tips/e/600434
2026-10-02T16:41:43Z,30,The Championship,soccer,40,9,Saber-greed,Polymarket,28,20,71.4,https://sg.tips/e/606265
2026-10-02T16:41:43Z,30,The Championship,soccer,40,10,moon21129,Polymarket,24,17,70.8,https://sg.tips/e/604876
2026-10-02T16:41:43Z,30,CONCACAF Nations League,soccer,37,1,chosen.bovid,Kalshi,26,19,73.1,https://sg.tips/e/607494
2026-10-02T16:41:43Z,30,CONCACAF Nations League,soccer,37,2,independent.horse2155,Kalshi,22,16,72.7,https://sg.tips/e/610575
2026-10-02T16:41:43Z,30,CONCACAF Nations League,soccer,37,3,Jason.Quijano23,Kalshi,81,55,67.9,https://sg.tips/e/609492
2026-10-02T16:41:43Z,30,CONCACAF Nations League,soccer,37,4,megamejia88.,Kalshi,67,45,67.2,https://sg.tips/e/1709
2026-10-02T16:41:43Z,30,CONCACAF Nations League,soccer,37,5,dannycorral18,Kalshi,25,16,64,https://sg.tips/e/610186
2026-10-02T16:41:43Z,30,CONCACAF Nations League,soccer,37,6,occasional.duck5321,Kalshi,20,12,60,https://sg.tips/e/607822
2026-10-02T16:41:43Z,30,CONCACAF Nations League,soccer,37,7,legal.swift2609,Kalshi,32,19,59.4,https://sg.tips/e/610740
2026-10-02T16:41:43Z,30,CONCACAF Nations League,soccer,37,8,coherent.dalmatian7604,Kalshi,31,18,58.1,https://sg.tips/e/610101
2026-10-02T16:41:43Z,30,CONCACAF Nations League,soccer,37,9,wrong.half,Kalshi,23,13,56.5,https://sg.tips/e/611583
2026-10-02T16:41:43Z,30,CONCACAF Nations League,soccer,37,10,crusty.crab,Kalshi,72,39,54.2,https://sg.tips/e/607532
2026-10-02T16:41:43Z,30,Liga Profesional,soccer,36,1,Splendid-Complexity,Polymarket,28,24,85.7,https://sg.tips/e/611756
2026-10-02T16:41:43Z,30,Liga Profesional,soccer,36,2,(name withheld),Polymarket,25,21,84,https://sg.tips/e/611956
2026-10-02T16:41:43Z,30,Liga Profesional,soccer,36,3,ping...,Polymarket,63,52,82.5,https://sg.tips/e/605023
2026-10-02T16:41:43Z,30,Liga Profesional,soccer,36,4,megamejia88.,Kalshi,34,27,79.4,https://sg.tips/e/1709
2026-10-02T16:41:43Z,30,Liga Profesional,soccer,36,5,anonymous wallet,SX,31,22,71,https://sg.tips/e/608509
2026-10-02T16:41:43Z,30,Liga Profesional,soccer,36,6,Trivial-Player,Polymarket,54,37,68.5,https://sg.tips/e/3595
2026-10-02T16:41:43Z,30,Liga Profesional,soccer,36,7,GC-P,Polymarket,26,17,65.4,https://sg.tips/e/605853
2026-10-02T16:41:43Z,30,Liga Profesional,soccer,36,8,emacron,Polymarket,224,144,64.3,https://sg.tips/e/108
2026-10-02T16:41:43Z,30,Liga Profesional,soccer,36,9,KeneEgyKisKotta,Polymarket,29,18,62.1,https://sg.tips/e/606424
2026-10-02T16:41:43Z,30,Liga Profesional,soccer,36,10,pauleta23,Polymarket,47,29,61.7,https://sg.tips/e/605990
2026-10-02T16:41:43Z,30,Eredivisie,soccer,31,1,dingzong1111,Polymarket,39,32,82.1,https://sg.tips/e/604695
2026-10-02T16:41:43Z,30,Eredivisie,soccer,31,2,sarkozin73,Polymarket,20,15,75,https://sg.tips/e/608226
2026-10-02T16:41:43Z,30,Eredivisie,soccer,31,3,anonymous wallet,Polymarket,23,17,73.9,https://sg.tips/e/606191
2026-10-02T16:41:43Z,30,Eredivisie,soccer,31,4,SELECT.BALLER,Kalshi,21,15,71.4,https://sg.tips/e/609680
2026-10-02T16:41:43Z,30,Eredivisie,soccer,31,5,youcanbuythisbot,Polymarket,20,14,70,https://sg.tips/e/608223
2026-10-02T16:41:43Z,30,Eredivisie,soccer,31,6,(name withheld),Polymarket,28,19,67.9,https://sg.tips/e/611956
2026-10-02T16:41:43Z,30,Eredivisie,soccer,31,7,anonymous wallet,Polymarket,24,16,66.7,https://sg.tips/e/604177
2026-10-02T16:41:43Z,30,Eredivisie,soccer,31,8,stiff.bowl,Kalshi,20,13,65,https://sg.tips/e/611340
2026-10-02T16:41:43Z,30,Eredivisie,soccer,31,9,cikaskondikas,Polymarket,33,21,63.6,https://sg.tips/e/606392
2026-10-02T16:41:43Z,30,Eredivisie,soccer,31,10,SergioV14,Polymarket,26,16,61.5,https://sg.tips/e/605519
2026-10-02T16:41:43Z,30,ALL soccer,soccer,1088,1,q7vna,Polymarket,52,51,98.1,https://sg.tips/e/613436
2026-10-02T16:41:43Z,30,ALL soccer,soccer,1088,2,Spotless-Investigator-Overcoat,Polymarket,119,113,95,https://sg.tips/e/600015
2026-10-02T16:41:43Z,30,ALL soccer,soccer,1088,3,Hasty-Worker,Polymarket,132,125,94.7,https://sg.tips/e/2927
2026-10-02T16:41:43Z,30,ALL soccer,soccer,1088,4,monetary.llama5800,Kalshi,56,53,94.6,https://sg.tips/e/610884
2026-10-02T16:41:43Z,30,ALL soccer,soccer,1088,5,Colossal-Bookcase-Saloon,Polymarket,105,99,94.3,https://sg.tips/e/4069
2026-10-02T16:41:43Z,30,ALL soccer,soccer,1088,6,Comfortable-Sandwich,Polymarket,122,113,92.6,https://sg.tips/e/4044
2026-10-02T16:41:43Z,30,ALL soccer,soccer,1088,7,Pure-Eyeliner,Polymarket,128,117,91.4,https://sg.tips/e/605258
2026-10-02T16:41:43Z,30,ALL soccer,soccer,1088,8,Meyoyd,Polymarket,62,56,90.3,https://sg.tips/e/152
2026-10-02T16:41:43Z,30,ALL soccer,soccer,1088,9,sisioc-74,Polymarket,149,134,89.9,https://sg.tips/e/611850
2026-10-02T16:41:43Z,30,ALL soccer,soccer,1088,10,rifflerr,Polymarket,65,58,89.2,https://sg.tips/e/612829
2026-10-02T16:41:43Z,30,ALL baseball,baseball,227,1,SoIcyPlayBoy,Polymarket,53,43,81.1,https://sg.tips/e/2922
2026-10-02T16:41:43Z,30,ALL baseball,baseball,227,2,nuyoi7,Polymarket,61,47,77,https://sg.tips/e/601479
2026-10-02T16:41:43Z,30,ALL baseball,baseball,227,3,sky.boo,Kalshi,53,39,73.6,https://sg.tips/e/611275
2026-10-02T16:41:43Z,30,ALL baseball,baseball,227,4,closed.foxhound6271,Kalshi,56,41,73.2,https://sg.tips/e/610090
2026-10-02T16:41:43Z,30,ALL baseball,baseball,227,5,modern.earthworm2317,Kalshi,56,41,73.2,https://sg.tips/e/610881
2026-10-02T16:41:43Z,30,ALL baseball,baseball,227,6,hithitfar,Polymarket,141,102,72.3,https://sg.tips/e/613307
2026-10-02T16:41:43Z,30,ALL baseball,baseball,227,7,anonymous wallet,Polymarket,72,52,72.2,https://sg.tips/e/612305
2026-10-02T16:41:43Z,30,ALL baseball,baseball,227,8,therooster.,Kalshi,75,54,72,https://sg.tips/e/611424
2026-10-02T16:41:43Z,30,ALL baseball,baseball,227,9,dabossrealman,Polymarket,228,162,71.1,https://sg.tips/e/613023
2026-10-02T16:41:43Z,30,ALL baseball,baseball,227,10,anonymous wallet,Polymarket,106,75,70.8,https://sg.tips/e/612976
2026-10-02T16:41:43Z,30,ALL esports,esports,70,1,DotG,Polymarket,442,441,99.8,https://sg.tips/e/601526
2026-10-02T16:41:43Z,30,ALL esports,esports,70,2,vib3lite,Polymarket,378,377,99.7,https://sg.tips/e/603675
2026-10-02T16:41:43Z,30,ALL esports,esports,70,3,anonymous wallet,SX,86,75,87.2,https://sg.tips/e/608467
2026-10-02T16:41:43Z,30,ALL esports,esports,70,4,geiyecapixie,Polymarket,66,57,86.4,https://sg.tips/e/601199
2026-10-02T16:41:43Z,30,ALL esports,esports,70,5,anonymous wallet,Polymarket,65,51,78.5,https://sg.tips/e/606191
2026-10-02T16:41:43Z,30,ALL esports,esports,70,6,heatwave0521,Polymarket,322,251,78,https://sg.tips/e/601329
2026-10-02T16:41:43Z,30,ALL esports,esports,70,7,momo536,Polymarket,424,324,76.4,https://sg.tips/e/601320
2026-10-02T16:41:43Z,30,ALL esports,esports,70,8,ASPEN88888,Polymarket,207,154,74.4,https://sg.tips/e/3032
2026-10-02T16:41:43Z,30,ALL esports,esports,70,9,aandriy,Polymarket,78,58,74.4,https://sg.tips/e/612290
2026-10-02T16:41:43Z,30,ALL esports,esports,70,10,BabyGamerr,Polymarket,51,37,72.5,https://sg.tips/e/613049
2026-10-02T16:41:43Z,30,ALL football,football,56,1,hard.shade,Kalshi,91,86,94.5,https://sg.tips/e/610516
2026-10-02T16:41:43Z,30,ALL football,football,56,2,memo21,Polymarket,62,52,83.9,https://sg.tips/e/612974
2026-10-02T16:41:43Z,30,ALL football,football,56,3,anonymous wallet,Polymarket,109,78,71.6,https://sg.tips/e/601408
2026-10-02T16:41:43Z,30,ALL football,football,56,4,seanyboy001,Kalshi,51,36,70.6,https://sg.tips/e/609098
2026-10-02T16:41:43Z,30,ALL football,football,56,5,ambitious.koi4229,Kalshi,58,40,69,https://sg.tips/e/609832
2026-10-02T16:41:43Z,30,ALL football,football,56,6,bshop,Polymarket,111,74,66.7,https://sg.tips/e/612984
2026-10-02T16:41:43Z,30,ALL football,football,56,7,twalton9,Kalshi,69,45,65.2,https://sg.tips/e/611487
2026-10-02T16:41:43Z,30,ALL football,football,56,8,anonymous wallet,SX,70,45,64.3,https://sg.tips/e/608476
2026-10-02T16:41:43Z,30,ALL football,football,56,9,anonymous wallet,Polymarket,172,110,64,https://sg.tips/e/613225
2026-10-02T16:41:43Z,30,ALL football,football,56,10,twentytwoclicks,Kalshi,58,37,63.8,https://sg.tips/e/2217
2026-10-02T16:41:43Z,30,ALL basketball,basketball,24,1,sikandar,Kalshi,50,40,80,https://sg.tips/e/611264
2026-10-02T16:41:43Z,30,ALL basketball,basketball,24,2,ptf-taiwan,Polymarket,98,69,70.4,https://sg.tips/e/4092
2026-10-02T16:41:43Z,30,ALL basketball,basketball,24,3,Yansan2505,Polymarket,51,34,66.7,https://sg.tips/e/601088
2026-10-02T16:41:43Z,30,ALL basketball,basketball,24,4,(name withheld),Polymarket,50,33,66,https://sg.tips/e/3364
2026-10-02T16:41:43Z,30,ALL basketball,basketball,24,5,Zensei808,Kalshi,72,47,65.3,https://sg.tips/e/609792
2026-10-02T16:41:43Z,30,ALL basketball,basketball,24,6,piepi,Polymarket,173,112,64.7,https://sg.tips/e/606039
2026-10-02T16:41:43Z,30,ALL basketball,basketball,24,7,Gaditima,Polymarket,79,51,64.6,https://sg.tips/e/2500
2026-10-02T16:41:43Z,30,ALL basketball,basketball,24,8,Jason.Quijano23,Kalshi,432,273,63.2,https://sg.tips/e/609492
2026-10-02T16:41:43Z,30,ALL basketball,basketball,24,9,Trivial-Player,Polymarket,336,201,59.8,https://sg.tips/e/3595
2026-10-02T16:41:43Z,30,ALL basketball,basketball,24,10,60daysjay,Kalshi,59,34,57.6,https://sg.tips/e/607159
